{"cameraMode":{"drawMode":0,"name":"Shaded","section":"Shading Mode"},"sceneLighting":false,"audioPlay":false,"sceneViewState":{"showFog":true,"showMaterialUpdate":false,"showSkybox":false,"showFlares":true,"showImageEffects":true,"showParticleSystems":true},"in2DMode":false,"pivot":{"x":9.5367431640625e-7,"y":0.7681968808174133,"z":0.0},"rotation":{"x":0.012594157829880715,"y":0.9255784153938294,"z":-0.3772217929363251,"w":0.030805571004748346},"size":0.8232260346412659,"orthographic":false}