{"cameraMode":{"drawMode":0,"name":"Shaded","section":"Shading Mode"},"sceneLighting":false,"audioPlay":false,"sceneViewState":{"showFog":true,"showMaterialUpdate":false,"showSkybox":false,"showFlares":true,"showImageEffects":true,"showParticleSystems":true},"in2DMode":false,"pivot":{"x":0.7688309550285339,"y":1.290128231048584,"z":-0.4216145873069763},"rotation":{"x":-0.1637810915708542,"y":0.8214211463928223,"z":-0.2910633385181427,"w":-0.46242424845695498},"size":1.5073950290679932,"orthographic":false}