{"cameraMode":{"drawMode":0,"name":"Shaded","section":"Shading Mode"},"sceneLighting":true,"audioPlay":false,"sceneViewState":{"showFog":true,"showMaterialUpdate":false,"showSkybox":true,"showFlares":true,"showImageEffects":true,"showParticleSystems":true},"in2DMode":false,"pivot":{"x":-11.670384407043457,"y":7.367254257202148,"z":-6.85773229598999},"rotation":{"x":0.22808057069778443,"y":0.43362414836883547,"z":-0.11439678817987442,"w":0.8642774224281311},"size":1.248427391052246,"orthographic":false}