{"cameraMode":{"drawMode":0,"name":"Shaded","section":"Shading Mode"},"sceneLighting":true,"audioPlay":false,"sceneViewState":{"showFog":true,"showMaterialUpdate":false,"showSkybox":true,"showFlares":true,"showImageEffects":true,"showParticleSystems":true},"in2DMode":false,"pivot":{"x":456.91033935546877,"y":-655.4763793945313,"z":608.446044921875},"rotation":{"x":0.3286410868167877,"y":0.2986527979373932,"z":-0.11034651100635529,"w":0.8892273306846619},"size":512.1629638671875,"orthographic":false}