{"cameraMode":{"drawMode":0,"name":"Shaded","section":"Shading Mode"},"sceneLighting":true,"audioPlay":false,"sceneViewState":{"showFog":true,"showMaterialUpdate":false,"showSkybox":true,"showFlares":true,"showImageEffects":true,"showParticleSystems":true},"in2DMode":false,"pivot":{"x":-0.439972460269928,"y":-1.2618390321731568,"z":-0.9842174649238586},"rotation":{"x":0.2285543531179428,"y":0.7125248312950134,"z":-0.26844820380210879,"w":0.6066369414329529},"size":10.0,"orthographic":false}